{
  "generator-jhipster": {
    "applicationType": "monolith",
    "authenticationType": "jwt",
    "baseName": "AssignmentAdministrationSystem",
    "blueprints": [],
    "buildTool": "maven",
    "cacheProvider": "no",
    "clientFramework": "react",
    "clientPackageManager": "npm",
    "clientTheme": "none",
    "clientThemeVariant": "",
    "creationTimestamp": 1643221184707,
    "databaseType": "sql",
    "devDatabaseType": "mysql",
    "devServerPort": 9060,
    "dtoSuffix": "DTO",
    "enableGradleEnterprise": false,
    "enableHibernateCache": false,
    "enableSwaggerCodegen": false,
    "enableTranslation": true,
    "entitySuffix": "",
    "gitCompany": "",
    "jhiPrefix": "jhi",
    "jhipsterVersion": "7.6.0",
    "jwtSecretKey": "OGRlYzg2MmExYjVlZjRkOWRlNGZmYjZiMjhmOWQ0MjkxNTlhMTk1ZWNkNzRlNGE2NDAwMzhiNmRhZjYxZjI3Y2M4NjMxMmFhZjg2YTQ0MzNkM2E5MTQ3OWY5Njg0YmZlNmZkZGVkNDEzZDJiNTEwNmM4MTNkNDUzN2RmMTFmZTQ=",
    "languages": ["en"],
    "messageBroker": false,
    "nativeLanguage": "en",
    "otherModules": [],
    "packageFolder": "com/mycompany/myapp",
    "packageName": "com.mycompany.myapp",
    "pages": [],
    "prodDatabaseType": "mysql",
    "reactive": false,
    "searchEngine": false,
    "serverPort": 8080,
    "serviceDiscoveryType": false,
    "skipCheckLengthOfIdentifier": false,
    "skipFakeData": false,
    "skipUserManagement": false,
    "testFrameworks": [],
    "useSass": true,
    "websocket": false,
    "withAdminUi": true
  }
}
